,channel
1964713,Superframeai
1964718,teohchinni2535
1964720,eeihydmedia645
1964724,theexpensive4332
1964732,Audio-Series_Lovers
1964733,Adam-Rambles
1964748,CityofOulu
1964754,JMGospe
1964758,zakezhang
1964760,oxymanagerbd
1964762,fearlessfounders
1964764,madkudu8922
1964770,salesgear_io
1964771,venturedevs2565
1964772,GaryvanBroekhoven
1964777,EngineScout
1964778,abhinavmohodofficial
1964781,foxlister
1964789,itsperfect-fashionisinourcode
1964794,dreamteam5140
1964799,DigitallyDecodedPRO
1964801,beyondshodh24
1964810,kimberlycomo5386
1964814,meaningfultime9019
1964818,DakotaCollege
1964829,shehzadassadullah9080
1964835,learnopoly5669
1964838,coachgracezheng
1964844,BillVastis
1964847,Dennyscee
1964849,TNPSCMASTER
1964856,zenitech
1964859,dpmgcorp.3732
1964860,aremeanelow2050
1964864,nickatnoon1
1964865,Elena-ci9vg
1964871,ANTAlliance
1964880,ramkumararumugam9686
1964881,theeducationalforum9618
1964885,pranishkessi6909
1964886,esolutionlab3964
1964890,virtuasolutionsoutsourcing1719
1964894,Wes_Bush
1964900,rkahashan
1964902,hftcom
1964903,DavidManelldnm
1964905,oneipm
1964919,brandybetz1197
1964921,cryptoblk5517
1964925,isunone6768
1964927,imsresearchcell49
1964929,edauratechnology8260
1964934,Keyame
1964935,Priyankablog343
1964950,dasnotes9198
1964956,RuralMarketingStrategies
1964959,Topposcout
1964965,TheSlyfly
1964966,NowNextProduct
1964970,franceswang1965
1964974,DawnMarieYankeelov
1964976,bengalibusinessblaster8392
1964982,briannekimmel457
1964988,mairajahmed6313
1964992,emiliogonzalez4219
1964998,geraldgutierrez8583
1965001,thejohnmuirproject5013
1965005,maykylainso
1965010,thedigitalimagingchannel
1965026,businessnuggetiq
1965027,phase2solutionsllc664
1965030,chitchatchannel4756
1965032,Upgradewithpratik
1965033,kushangtailor3399
1965034,kanikamisra
1965039,LeanKitKanban
1965040,kreativelearning7191
1965050,markdebrey4848
1965057,kusinerongguro8967
1965063,PieProjectManagement
1965068,zonkafeedback
1965077,ghoshrohit5
1965078,harbourresults7145
1965079,ProductTankPune
1965080,HotjarWebinar
1965085,changeforjivan9724
1965088,lynnwilson795
1965101,NewTechnique
1965102,MiningStockMonkey
1965108,Coderhouse
1965122,bestsellersfornow6669
1965123,YouWantWeReview2M
1965128,revealnearbound
1965129,tidwit
1965130,Psixodh
1965132,manhattanreviewglobal
1965133,successking907
1965135,BodBurnBlitz_
1965136,mmorpgplayer99
1965138,dreamer2creatorbusinessmag570
1965147,WiffleBreakers
1965155,dr.kareemainsley
1965162,mozarukconsulting
1965163,solidtechnicsltd.677
1965165,thepeopleschoice5892
1965166,vikasyadav-nx5is
1965168,vade_en
1965170,HotelPlanner30
1965171,unixlinuxsys
1965173,COMMONERLIBRARY
1965176,asinterviewpreparations
1965177,nycgeoff
1965179,KANDULASREENIVASULUREDDY
1965183,pifile7943
1965184,shadowyshadow11
1965190,MacyAdamsDesign
1965191,projectprofessionals6341
1965193,beepsbumps
1965207,RealItems
1965209,yoursoftwarehub
1965215,christianhutapea1066
1965228,backloglife4037
1965229,MuhammadHerwindraBerlian
1965239,yuric.2486
1965242,ucalgarysocialwork9697
1965243,rubymaemutya7676
1965245,sytedigital
1965252,sarvanipanguluri
1965255,kiransangha7950
1965256,insilicall2639
1965259,ImproWise
1965261,brainbrusher
1965270,infoFusion0
1965273,huminos
1965285,keymckay
1965289,BeSaintDigital
1965290,max_vlasov
1965292,Saasfe
1965299,uplbalums
1965304,tmtyler
1965308,cabrevids
1965311,manajemenclan
1965313,speedysrigti
1965316,SmallTalks-mz4yi
1965317,infosaint1000
1965321,yanxu4895
1965323,QuestForEdge
1965324,WhiskeredMonk
1965326,sawanrai6424
1965327,HustleClubHighlights
1965337,maulikpatel1617
1965347,inflectionio
1965350,purahsara
1965354,bigshyft8581
1965356,0xtph
1965359,enfection
1965362,janardhanreddy5602
1965363,dionnpsmithcoaching
1965375,academy4pricing
1965376,teamtorridon5937
1965383,cupofux
1965389,off-sideshow
1965392,ChEAIITB
1965393,e-mechknowhowfromgurus6216
1965400,USBMBA_Parttime_Group
1965401,KKIAssociates
1965402,aminshobusiness462
1965407,whalesurf
1965411,mymania1486
1965416,tosinolawuyi1820
1965418,upscaletalks4861
1965421,dr.a.kumaravadivel7227
1965437,BenjaminBloom
1965444,aleenataymoor6753
1965449,icahse5559
1965451,gobvioagency
1965453,nikenpalupi2697
1965455,SCUBEActuaryClasses
1965457,natssu
1965463,meam620
1965466,BestCurrentAffair
1965469,michaelvolker5937
1965476,stuartrblythe
1965477,sukhjit2008
1965481,MaraMackay
1965488,pmocast
1965489,trainins5983
1965497,Storeandhost
1965499,n3924
1965501,olegshilovitsky8712
1965502,Sto8191
1965505,brettbuchanan7559
1965516,ProductInsightsByGerardChiva
1965517,sphrcl
1965521,productgurus
1965526,TechTargetITAgenda
1965539,Boston-itsolutionsDe
1965543,grupogps4066
1965545,bitinningclips
1965547,BlockShow
1965552,andrewmccarey8276
1965558,MrShrikrushna82
1965559,awielubawi4001
1965560,johannisjohar1023
1965563,walacoafrica8752
1965568,teamexcellence9140
1965569,AstroForumSpace
1965570,AdiExperiment
1965571,ffreedomfarminghindi
1965573,newlaunchmlm6677
1965575,sogadu4240
1965576,TheAgileProductGuy
1965578,Activelearningclassmba
1965580,back-track5409
1965584,GrantParkerCoaching
1965597,iamitchauhan
1965599,timhealing4495
1965601,likebreathin4728
1965609,rajeev6843
1965620,Tech-Time-Today
1965623,dioncoinc
1965630,Chilotalks
1965633,MadiBabaei
1965640,ritabethnuka
1965643,kimjenelelisaba4347
1965648,renato2marinho
1965650,angiedonasco5280
1965651,danielboyd2898
1965655,chandraprakashgupta8312
1965658,najwasalehuddin2275
1965659,always_arcui
1965664,robertbenish3271
1965665,BeyondMargins
1965667,apextechnicaleducation6029
1965668,bizdevchannel1085
1965670,mimickschen9990
1965671,sawyerstemm8447
1965672,zarithizrina1649
1965676,XIBMSANSWERSHEET
1965678,theeventsmanagerblog3071
1965681,ezcloudtechnologiespteltd5389
1965682,cultivationcorridor5154
1965683,cloud_funnels
1965684,cctsvnr
1965693,empowerededucator
1965697,_7PM
1965700,chatochat902
1965702,leejiarui7245
1965705,kitchendev
1965706,itsmtechtechnologies9190
1965707,prattarazzi
1965709,shammy33
1965710,sitifarah3836
1965713,LIMRA-Online
1965716,houndsy
1965724,ebenwhiting4699
1965732,bobcaspe978
1965734,Alkamitech
1965742,tleat
1965745,apknowhow5823
1965747,theomarproject1980
1965756,kevinsmith8037
1965765,burntoutbrilliance
1965773,inter.viewquestions3997
1965779,hanseisenmann-forum
1965785,OnTheHookPodcast
1965790,Realinformationchannel
1965792,learnproductmanagement1920
1965794,MotoBeemer
1965804,kasturininamudulodu5689
1965807,businessmanagement-enterpr4780
1965812,bittanti
1965814,claritystack8234
1965820,NipponSansoHoldingsGroup
1965826,zabih5306
1965835,iutt6206
1965849,fqmssoftwaretechnologies
1965853,jessiegoodwin8300
1965858,ProductAcademyFamily
1965865,mgctechnicalservice2100
1965870,theproducttree2912
1965886,networkx_event
1965894,husnainzz
1965908,jaelondavis
1965909,bryanlim1903
1965912,fajrulalfian604
1965916,bestadvicepodcastguys
1965923,marcosontiveros6930
1965925,thecoalitionforcollegecost6524
1965927,theartofeventmanagement4263
1965930,digitalforedu5861
1965939,gic8930
1965946,saravani1056
1965948,MobeAffiliates
1965950,letsgoagile9692
1965953,Optimalcc
1965958,basicasmedia
1965965,copperproject
1965966,LITTLEAHAMOMENTS
1965968,melamiracle2150
1965973,EGuide_Renault
1965976,yugdeepsingh1370
1965977,withinleadership4332
1965981,louellacook1273
1965982,meecatthecarpenterhouse9242
1965990,harshadeshmukh1022
1965993,OrpheusRetail
1965994,JustDevelopment
1965995,claytonhillyer703
1966003,LandsharkPicker88
1966004,ThePMExpertsInc
1966005,cswithismail9463
1966010,mrtonytlc
1966012,aldanidubai
1966021,swissmininginstitute5254
1966036,lolitandoci9408
1966037,topoftheladderph8407
1966041,zuhailikamarudin7266
1966049,dr.amriksingh4865
1966050,FarukAhmedVlog
1966052,chrisredpach
1966062,tuanitt8403
1966063,shoppingam2pm888
1966065,evaloste6381
1966066,CompuBee_in
1966070,redwandriantoro436
1966078,FisherSolve
1966080,transformcx5571
1966085,dianekn7139
1966088,managemintinc
1966090,eeconsultancy
1966093,HaleyIvers
1966099,KnowledgeCraze-ce8of
1966109,MerchantWarehouse
1966113,LyndaRoath
1966115,thepranjalsarkar
1966129,zerahemplabs5198
1966131,duncan7875
1966134,NSinsider
1966137,panobi
1966142,kfundvc
1966146,olas4you
1966149,tjvisionmedia2242
1966155,gurudroancollegedewas5025
1966156,britishslovakbusinesscentr422
1966158,PlanetitZaSolutions
1966161,mohamedbadie7535
1966162,buywithprime
1966165,AscentYES
1966169,victoriakinch3910
1966172,simonseow9399
1966173,yuvashreepulainthiran5856
1966174,fortify1621
1966179,marketreach266
1966184,Prince2Certificate
1966185,0101conversionspecialist
1966191,HelionB2B
1966192,neotechproducts
1966200,kaitlynlaurelleyates4292
1966203,dr.brindhasathiaseelan1628
1966204,ralphkliem995
1966209,URBANLOGS-2023
1966212,PagePromoteBD
1966215,gauravmehta235
1966219,MahmudulOfficial
1966223,TacticalCamp
1966224,Bot3ProAI
1966225,UdaySPathak
1966227,abadde7768
1966228,tarunsikka8925
1966232,digitaldash6930
1966234,goesinevent
1966239,tradinglibrary
1966243,opasnekrivine
1966244,imodofficial
1966248,rogeliogutierrez6880
1966249,technicappartners2020
1966254,PathPro_Co
1966255,dropsprevention
1966257,craftsorg.1833
1966260,codybauman8305
1966264,nurulalya1836
1966268,sonali_246
1966269,ashikahmed121
1966271,kensandy4095
1966273,Everestgrp
1966277,BrightTechy-Hub
1966281,ParalectWorkshop
1966282,WalmartConnect
1966287,visibilitywizards
1966291,taslim_alitha
1966297,mdsohani
1966298,charliethorne9618
1966304,meerkhurram4222
1966305,alsotechburner
1966313,cuvzw
1966314,TheMan150780
1966315,AliAldimshawy
1966325,cjkbouchard
1966328,uqpha
1966332,intouchinsight
1966337,effectivefaith
1966338,GeniusDiwakar
1966341,shubhbusinessevaluation6807
1966342,SEOSynovation
1966346,optimalindustrialtechnolog360
1966347,qicsd
1966349,rebeccatheis-pesko8337
1966352,GeniusSports
1966355,advancededucationacademy
1966358,LICAGENTVIJAYSHARMA
1966360,allenewo52
1966361,ophycer
1966363,TheDirtyKitchen
1966364,JamesbergevinBlogspot2015
1966365,pdcconsult7172
1966369,ecoitcon
1966372,adnuguk
1966374,BradBachu
1966376,Flowlacom
1966377,danmorrisoneducationalchan3496
1966378,BHOJPURIWORLDSIWAN
1966379,drydesertagency
1966383,Staystylishwithneetu
1966386,deibygarcia2781
1966388,siddharthamadhavareddy5468
1966392,globalworld5554
1966403,scrummasterchampions5042
1966404,startupguidelines2478
1966409,glassprocessingsolution3890
1966410,CommunitechVentures
1966425,BNP_Paribas_3_Step_IT
1966434,princessbumanglag8713
1966435,TheWorkplaceDepot
1966436,euroffice
1966437,SUNY-Canton
1966438,samanthamadronero9172
1966439,covetandmane
1966448,swethapai1678
1966450,qbsbdc2902
1966454,nageshwarpandey988
1966462,intuitprofessionalservices679
1966473,pavementmanagementpro1031
1966475,anithacs8724
1966481,terencele1462
1966484,SocialIMC
1966494,salininarayanan520
1966499,joinlinka
1966507,subscriptionflow
1966508,vikaasflppower
1966511,pricingsolutions6789
1966517,CreativeGoToGuyBranding
1966520,cleverbridge
1966524,johnblodgett9908
1966525,dobbersthegreat9148
1966526,gadgetto6606
1966528,wuarachudo11
1966529,themodernsme
1966532,BaselineWebTraining
1966533,simplecomplexity7923
1966534,limzhengwei4574
1966537,joshuajustalero4746
1966538,rolanddewgard
1966550,ernestotchere6335
1966551,munirahzaidi9788
1966559,JohnTorno-xl5cs
1966562,iseeyou-network747
1966566,versatiletestreactor1991
1966571,CorrectMEIFiamWRONG-d2p
1966573,sehajpabla640
1966577,aslispace
1966588,sonomalibrary
1966589,iwsfintech6
1966594,BuyerLedGrowth
1966596,avantcommunication
1966597,insideretailasia9913
1966598,dangal2008
1966609,nagasindhura2270
1966617,aspkeducationalentertainment
1966623,Burge0000
1966624,BrokenbuildNet
1966625,samuelcourses7225
1966637,tiarameera1549
1966638,lmksuccessmarketing
1966639,qistinasabri281
1966640,EPMLiveBlog
1966646,AnytimeShopping
1966648,muhammadyusof6033
1966654,tnjconsultinggroup
1966659,saurabhsaha2042
1966661,masterborn_software
1966665,inventorcoach
1966668,PewWithPie
1966669,hierarchyfinancebureau1369
1966673,solvetudemarketingconsulta4604
1966675,jisort
1966677,Accounting_with_rasha
1966678,brandingbio-digitalmarketi5427
1966680,saascolor
1966681,getequp1594
1966686,chrisachard1889
1966688,osmillustration5297
1966701,frankmwilliamschannel4120
1966705,mitchellfanning
1966707,esherbusinessastheme1832
1966711,muhammadsaad7715
1966716,ddepante
1966719,isobeloreilly6928
1966720,SellingCircular
1966724,msnconstruction1821
1966726,azimyou
1966728,crazygeek8557
1966729,CalibreSolutions
1966734,KevronConsultingLimitedIkeja
1966737,echannelcomputer698
1966741,ROTHCO1953NY
1966743,dariustz-fw3ho
1966744,homescapesolar
1966751,equip4workltd-everything4y71
1966757,kilbysolutions2261
1966761,coryferraz
1966767,rajaramsalunkhe8982
1966772,sacredheartchemistry7864
1966775,AgileVMN
1966779,fieldforcepro2339
1966781,thedigitalleverage
1966783,financenews-zx4ew
1966784,quotapath
1966785,warehousemanagementsystems65
1966786,CollegiateEffie
1966791,nireekshapoojary2050
1966793,caturner21
1966794,warisakhtar8584
1966797,svenskscenkonst
1966804,burbteam
1966805,itoroshub
1966822,CSinFocus
1966824,Wendaful
1966832,bankingkhoj9738
1966833,codewashed6905
1966836,DKRELEARNING
1966843,puremomentumconsulting5661
1966844,2EZDATA
1966846,communicationstudiestelkom9432
1966850,AdomonlineDotCom
1966853,GrannyGems
1966855,junfengma3120
1966857,armilyinc.world11team16
1966858,ShahzaibKeeKahaniyan-lj5ws
1966863,EasyTemplates
1966879,michaelschneider4114
1966881,tonymulvahil7351
1966890,sachinanand2318
1966892,osmodalgroup9451
1966897,christiansolano7812
1966898,plantbuddy5764
1966903,vaibhavkamble4639
1966908,CullenOfAdelaid
1966914,arisyahasanatulakma3394
1966916,hueching6683
1966917,cakehouseseven3018
1966930,SubhashYadav06
1966933,azharulhaquesario
1966935,pacificlogisticsgroup
1966940,brijforbrands
1966947,ConstructiveTeacher
1966953,Explorista4ever
1966958,believe-it-nation
1966960,K5HPE
1966961,buddhimacharuni5541
1966963,watsonhub1521
1966964,newventuremarketing3096
1966968,AdvanceInsights
1966972,BusinessO
1966973,ariannacruickshank
1966974,Kielux
1966975,ChrisWright17
1966976,suwathiethirunamam5249
1966978,ADONHAIRCARE
1966980,christinemaylumabao8171
1966989,start-thinking
1966990,companyspotlight
1966991,ma.giagracenuera7352
1966995,vinnothbalasubramanian2610
1966996,lauphinle-6860
1966997,bromcom
1966998,maverickconsole
1966999,Feed140TutorialsMPaX
1967007,janiceip12
1967008,kaixinlim2403
1967009,Clodaisy-123
1967013,gomezrichard9183
1967015,aturic3578
1967016,asiringproductowner
1967017,aakashmaharjan5883
1967019,jesseherlitz5525
1967024,anvilcorporation8718
1967028,SparX-Clips
1967029,asheeranoor3544
1967034,NarnoliaTV
1967039,utbildning7392
1967042,athem_treinamentos
1967046,athenicai
1967047,architectshub7561
1967049,66NOVA66
1967052,user-ox9cb5zv2b
1967064,dr.neerajam9991
1967067,mojeebnoori8000
1967068,incrypt62
1967073,LisaSieverts
1967078,iCuechannel
1967081,deltasystemsinc
1967082,odelletechnology
1967086,ishwaradhikari9282
1967087,THEACHIEVERS
1967089,mr.vinayakpayghan670
1967092,tallevanon-hcpltd7612
1967094,TechdistrictNet1
1967095,purelypositivity
1967098,howtobecomeasuccessfulprod8914
1967108,danielsheridan7251
1967116,Setkick
1967117,kimberlykoenig8950
1967118,viveksaraswat
1967119,timirjaiswal4765
1967121,rubinithanigasalam1018
1967122,ifeuggmbh8636
1967123,loosansan3614
1967128,pwizzy22
1967129,user-zo8vw5ub1b
1967130,nehacommerceclasses5877
1967132,EmmanuelUdoiwod
1967133,greatmindsinstitute9097
1967134,certjoin
1967139,sxg37
1967140,commercemanagementteacher8994
1967145,PGGWrightsonRetail
1967163,mellapetcare8119
1967170,innertrends7406
1967171,communications-idb
1967173,OFOnline
1967176,Beardedsavant_721
1967180,rafaelthegreat5153
1967190,repurposeyourpurpose
1967191,annamalaimbaassignmenthelp4729
1967193,milesrobinson772
1967214,mellorieducation
1967218,rashmimittal8169
1967219,lipheng7173
1967220,erickurquiza6940
1967221,moneyday3968
1967226,swrrachel03
1967227,sarahwachter8022
1967229,fareesjalalodin6109
1967241,otsolexpartners
1967242,saaslogic998
1967246,StrategicInsight
1967247,ConformityInc
1967253,betterskillsforOR
1967255,joedinaustin1
1967260,erinkalke5452
1967262,americanwaterresources5420
1967266,cantikaindo3654
1967268,cfcmedialab
1967270,engagelyapp7990
1967271,gregoryj4055
1967274,digitalkites9718
1967279,fitzpatrickparticleprocess3272
1967281,B2Bbroker
1967282,indiadeeptech1404
1967283,marketingbylearner516
1967289,VijithaRajakumar
1967290,sushantdragoon
1967291,davidhosford790
1967298,mamtarajput8066
1967300,evetpracticetrainer7239
1967303,shafeeqkalathingal1540
1967309,aboutbrands8373
1967313,BrighterMindset
1967316,onecontactcenter2023
1967319,shanmugapandianthangavelu7324
1967324,norazmelianorazlan9376
1967326,growyourbusinesswithintell8264
1967327,NOSHITCoin_io
1967329,NanografixUSA
1967331,taylorrambo7897
1967338,TheSecretjess
1967341,wardofficer3299
1967342,careylcamposano6392
1967343,peterblatz9918
1967344,pmirochesterchapter9828
1967346,ecoeco2437
1967349,mohdqayyum6045
1967350,marianjaimesgutierrez3717
1967352,tuckermcbain191
1967353,jiheekang910
1967362,maecraftofficialchannel7563
1967369,hirshberginstitute5866
1967371,televisory2108
1967378,paramlowe1473
1967380,TheAlanradi
1967382,unstoppableam
1967385,tonnta_io
1967391,thecurioussharma
1967405,afiqahzainon6348
1967406,aame_hungary
1967413,parisjordan01
1967420,learnitonline9601
1967425,mikecrump9414
1967432,MikeBarrett
1967444,sharesapp
1967457,impactfulmktgwmark
1967459,DigitalwithAnish
1967466,SurpristaDesign
1967471,boletohart302
1967474,deeepview8659
1967475,hansoftagiletool6905
1967477,studiobucket7590
1967481,ryannoble460
1967485,tourismcharcha5587
1967486,digitalmarketingwithdel
1967488,alphabettypo290
1967492,e2eexciteexpoandevents
1967499,emitrr
1967500,pepped5935
1967504,mitsloanmanagementreviewme6309
1967507,moharyar
1967511,logicalmorality4646
1967512,fiquesmkgp
1967516,sukumarkarnendiran1826
1967517,mattgensler3098
1967522,changemakereducations231
1967524,salshakir5814
1967529,ictwithhephzi7811
1967530,youthhotspot2022
1967537,mackenzieginithan978
1967543,mrmilesmaths
1967544,asadhashmiofficial
1967554,KWHMirkaLtd
1967561,FactsTv125
1967562,saundarycare
1967564,preetiupadhyay4833
1967565,FacelessCash
1967567,user-sh5bt6ze6n
1967569,abduazimabdullaev1849
1967572,RapidReinventHairTreatment
1967581,CarolSnappShow
1967585,kingjamesnkum8726
1967586,yendor007
1967588,broadleafinfo
1967591,ainaaziz4028
1967594,moeenkhan6198
1967596,philanofficial434
1967597,bostonpostdoctoralassociat5425
1967599,evahildenbrand390
1967601,aapkagurukul
1967602,WorldwideMagazines
1967603,azmalmdzin2910
1967607,HuaweiMobileBelgium
1967610,danielchan8447
1967613,salilbajaj010
1967615,StillWithYou7890
1967616,prof.nayanranjansinha2451
1967623,mellapetcare2348
1967626,bravodesignltd9272
1967630,alaska1983
1967632,FocusInsite
1967636,Albrecht_von_Preussen
1967637,phyconautwaterworld198
1967641,engineersforcommunities
1967642,davidscott1069
1967645,ccsustainabilityassociatio8361
1967646,Bayhas
1967652,byubyu8056
1967656,pathpeopleattheheart8467
1967658,samstechnobysamirmunj6706
1967659,stephendiorio2
1967660,robintoots
1967662,tietoronto9886
1967664,VISXA
1967667,rohanbhalerao4057
1967669,playbookify3573
1967673,lovemangodream
1967674,teresabrinckmann9100
1967675,sandrine9987
1967677,CoastLrn
1967678,FMCGEduTechHub
1967680,financiallyfreewithT
1967681,imtiazsifat3313
1967684,muhammadakhtar2133
1967687,limliyong5534
1967696,robohendrickson2688
1967700,show_how
1967704,bhushank9246
1967705,randyreyes6442
1967707,wealthypartners
1967709,cmvlog5594
1967717,otariscommercefinancecoach3152
1967719,radicalpartners4115
1967723,rsu26oronomaine67
1967725,VASSPvideos
1967732,marleemassengill7281
1967734,budgetrajasekhar4996
1967738,learnwithsourabh8660
1967741,vyuwinglearning9250
1967747,startleft
1967752,sreekonaseemabhanojiramars664
1967755,survivaltothrival5865
1967763,AtulyaGroup
1967764,TheBitcoinExperience
1967771,theaffiliatefiles
1967772,PayEvo
1967775,clickfluency
1967778,rozielahassan6554
1967781,fawadstudyguideforacmaandc5036
1967784,Xsenseapps
1967785,khanhdo33
1967791,idapyoutube2122
1967793,ehabpmp5901
1967797,insulationengineers8981
1967804,wpstrauss9747
1967806,seanw825
1967820,ronakclasses
1967821,ogstatuspodcast
1967825,ZiarulFinanciarOfficial
1967826,BareNecessitiesZeroWaste
1967829,ReckonCivilAcademy
1967830,mito8986
1967836,pymnts
1967837,wealthwithdk8273
1967839,toluwaawodiya8142
1967841,GergoMezess
1967846,lexicata1539
1967847,strategyoverdrive9867
1967856,nusdoa
1967857,texasmbaplusprogram3183
1967866,mc4pmo
1967872,yesandwhy
1967879,viktor9961
1967880,BukiAzariaOsunkeye
1967881,BinuUdayakumarSNC
1967885,ashayasharma
1967893,janigmoney5436
1967897,TunaTheLabradoodle
1967904,brettmceachern9782
1967908,NextgenBusiness2100
1967909,hassanel-zein5233
1967912,riseprofessionals278
1967914,paulmurphy6956
1967915,ainfct
1967922,itmanagementmatters
1967942,altusgroupltd
1967946,ScientificStudies
1967948,guruacademymadurai
1967952,arifkitchlewmanagementcons5128
1967953,AgileWithStudents
1967954,morgancobb2636
1967955,instituteforpolicyreforms8290
1967956,pintu_madara
1967959,klstinc
1967962,AprendeConSagitaZ
1967967,adonhaircareenglish
1967968,PRINCE2INDONESIA
1967972,alimonser2080
1967973,Sgtrhoads1
1967985,ytlifeinfoo
1967986,InditexCareersOfficial
1967988,spartaibs
1967990,highperformanceceo
1967992,taskblast7794
1967993,VDMtelugu
1967995,musheerahmad4707
1967996,shalomm7586
1968001,a.m.z3419
1968003,dulangarphylfalyneb.1771
1968004,elainephee4147
1968005,EndlessLearning815
1968008,lacroixenvironment7810
1968010,rakeshkumar-qc2cs
1968011,spwlainternational5619
1968013,naveenkumara4884
1968015,auroraspgcollege7955
1968022,samantasilva5927
1968024,AllanTito
1968028,SHARIFAHADLINQISTINA
1968030,raymondopen1966
1968031,farahmanzoor8344
1968033,EducationalLectures
1968034,Horison_Marketing
1968036,productevo7812
1968039,Promaticsindia
1968046,emmanueloda2912
1968049,leanleafsolutions
1968050,stykite
1968065,dgm-propertyassetmanagemen2774
1968073,jacobtalksdigital4975
1968079,fimsgrc7535
1968082,timothyvanlaningham3367
1968083,comscore
1968085,sefitrianadh2202
1968089,ListingProWP
1968093,dimple_ashok_chachan
1968095,6dtech
1968097,ProfitPlatform861
1968103,cascadehr
1968104,urbanminingsquared
1968107,dr.akashmohanty5638
1968113,packagedagile
1968114,miltontutu8023
1968116,AnalogDevicesAsiaPacific
1968121,salesfunnelguide9819
1968124,portfolioplus
1968131,mimiesya4309
1968133,fmcglife13
1968134,08yashvardhanpdwivedibeele95
1968135,Revizzit
1968138,reinajoceldellosa3509
1968139,audienceplayglobal2759
1968141,RobsonPaniagoOficial
1968144,bloompublichealth4326
1968148,ImpelCRM
1968154,supportItLeo
1968159,sainiclasses1253
1968160,fundely
1968161,socialpulsarinc6880
1968162,sahajvirkaur7055
1968163,nikitarajmalani6991
1968164,Detutu
1968165,41DannyMac
1968169,BharadwajInstituteCMAUSA
1968173,parulnanda6874
1968174,fishingguidepodcast1990
1968177,myvabusiness3538
1968179,nationalNAHRO
1968180,bbaipubuddy6882
1968181,jessiebrooks2973
1968182,startengineering435
1968183,mcimbyfulcrum
1968185,eWeLinkSmartHome
1968187,Prayag8P
1968189,SergiiDanylenko
1968196,6meridian487
1968197,paulwilliams1103
1968199,stoonsstudio
1968206,bloxastudio
1968208,TestBoxOfficial
1968213,PLGTM
1968233,Matau-ai
1968234,cryptoapis2385
1968235,bamboobox7426
1968238,ThurmanCoLLC
1968240,theashart
1968244,AmroAbdelmeguid
1968245,paulusginting1973
1968254,ourspaceourfuture8996
1968256,lukyobey4957
1968257,redarrowhealthwellness375
1968264,MakeYourOwnPath-ng7qd
1968265,vlearnias4582
1968268,pavanbaravkar1816
1968282,juniorxproduct1301
1968283,keohackett9477
1968291,renugadevib1668
1968295,HomeschoolAcademy
1968296,37degreescelsius48
1968299,jstreettechnology3590
1968300,radhabaikalemahilamahavidy8625
1968302,FaisalAhammed-om5nh
1968303,kkolovos
1968304,theproductonboarders5677
1968306,benchmarking.com.au-austra9822
1968308,bit4-d-rogelynveedor145
1968310,luisdianasilva6666
1968314,ninittesiason4721
1968316,thinktak2154
1968318,arjunsinghyadav5562
1968321,HASEENA16
1968324,capaseastdistrict808
1968325,hyperspeedlabs
1968326,user-wu2rj7qg9i
1968327,ecomignite
1968329,Ziniiex
1968332,gdgbonnyisland
1968333,chiasekienthucmiennphi
1968334,ecoenergy5773
1968336,tfspod
1968337,invtups
1968338,user-sr1wt4uj7h
1968339,summermino2712
1968342,kojenchieh
1968348,renzcastillo7713
1968350,tatoleahkeiths.6570
1968356,guillaumelt1529
1968357,meenakshighanghas57
1968358,bambam070605
1968359,shelfieretail108
1968364,eleadalm8683
1968366,RodSloane
1968370,stevenmitchell6038
1968375,Houdyk